"","subID","condition","Hz","frontal","central","parietal","occipital","ln_Hz","ln_frontal","ln_central","ln_parietal","ln_occipital"
"1","oa01","oa01",0.997,19.1307,24.8493333333333,16.43702,42.9112666666667,-0.00300450902029872,2.95129437452342,3.21283092455031,2.7995361079907,3.75913441771636
"2","oa01","oa01",1.994,3.74176,4.92626666666667,4.48886,7.12946666666667,0.690142671539647,1.31955608896982,1.59458143275742,1.50159877196661,1.96423643031942
"3","oa01","oa01",2.991,1.8297,2.5773,2.5651,3.7105,1.09560777964781,0.604152018988383,0.946742339329984,0.941997464217561,1.31116663842805
"4","oa01","oa01",3.988,1.24304,1.69746666666667,1.5785,2.38206666666667,1.38328985209959,0.217559992219974,0.529136943537244,0.456475029015909,0.867968458226879
"5","oa01","oa01",4.985,0.85352,1.10093333333333,0.91234,1.3704,1.6064334034138,-0.158386304098931,0.0961583048930267,-0.0917425513655312,0.315102668027773
"6","oa01","oa01",0.997,47.42756,36.2038,26.1548,77.8146333333333,-0.00300450902029872,3.85920349433258,3.5891640856982,3.26403273007187,4.3543295026152
"7","oa01","oa01",1.994,8.8729,4.88703333333333,4.76896,11.4198666666667,0.690142671539647,2.18300168764431,1.58658543908189,1.56212825177829,2.43535452873647
"8","oa01","oa01",2.991,2.82012,1.885,2.32626,5.27386666666667,1.09560777964781,1.03677943723615,0.633927820899974,0.844261827729189,1.66276380635757
"9","oa01","oa01",3.988,1.54688,1.0991,1.51408,3.61376666666667,1.38328985209959,0.436239999092926,0.0944916630927176,0.414807993777785,1.28475062635208
"10","oa01","oa01",4.985,1.14928,0.7588,0.80208,2.1107,1.6064334034138,0.139135659344354,-0.276017040921278,-0.220546925466944,0.747019646024435
"11","oa02","oa02",0.997,255.92498,60.6920333333333,524.78376,495.558233333333,-0.00300450902029872,5.54488435465794,4.10581244288405,6.26298629202912,6.20568487125074
"12","oa02","oa02",1.994,16.68006,8.5831,25.15268,25.2381,0.690142671539647,2.81421399404643,2.14979515360611,3.22496445150475,3.22835475750197
"13","oa02","oa02",2.991,4.35576,3.90623333333333,4.44378,4.14756666666667,1.09560777964781,1.47149910713412,1.36257356782681,1.49150536560148,1.4225218168934
"14","oa02","oa02",3.988,2.84872,3.0147,3.07362,2.6109,1.38328985209959,1.04686977058769,1.10350032274089,1.12285602003857,0.959694989481441
"15","oa02","oa02",4.985,2.20984,2.6264,2.43234,2.07713333333333,1.6064334034138,0.792920114718741,0.965614087205246,0.888853756964022,0.73098873798682
"16","oa02","oa02",0.997,75.21372,44.0718666666667,94.17436,81.3875333333333,-0.00300450902029872,4.32033366112291,3.78582163481339,4.54514795769624,4.3992221081262
"17","oa02","oa02",1.994,8.54326,8.1647,10.1665,10.8554333333333,0.690142671539647,2.14514266798004,2.09981998355513,2.31909800136826,2.38466572269315
"18","oa02","oa02",2.991,3.19834,3.8377,3.52816,3.53236666666667,1.09560777964781,1.16263192520835,1.3448732288191,1.26077648859012,1.26196809011307
"19","oa02","oa02",3.988,1.95202,2.54926666666667,2.38272,2.48156666666667,1.38328985209959,0.668864733840051,0.935805736111442,0.86824269226216,0.908890081155641
"20","oa02","oa02",4.985,1.38352,1.67616666666667,1.65484,1.56646666666667,1.6064334034138,0.324630976229983,0.516509440234288,0.503704327418369,0.448822552324258
"21","oa03","oa03",0.997,42.70052,26.0404,23.0956,229.659133333333,-0.00300450902029872,3.75421109814638,3.25964917820549,3.13964212319438,5.43659618064648
"22","oa03","oa03",1.994,5.9821,4.97053333333333,5.08214,29.8288333333333,0.690142671539647,1.78877167688515,1.60352714488102,1.62573243272789,3.39547548724668
"23","oa03","oa03",2.991,2.13032,2.195,2.23676,8.1518,1.09560777964781,0.756272203179009,0.786182046527135,0.8050283902079,2.09823876176274
"24","oa03","oa03",3.988,1.36092,1.51363333333333,1.49106,4.5922,1.38328985209959,0.308160941633102,0.414512941624076,0.399487276421628,1.52435921207579
"25","oa03","oa03",4.985,1.24416,1.41253333333333,1.48606,3.72096666666667,1.6064334034138,0.218460603409828,0.34538478258007,0.39612832233105,1.31398349115899
"26","oa03","oa03",0.997,42.70052,26.0404,23.0956,229.659133333333,-0.00300450902029872,3.75421109814638,3.25964917820549,3.13964212319438,5.43659618064648
"27","oa03","oa03",1.994,5.9821,4.97053333333333,5.08214,29.8288333333333,0.690142671539647,1.78877167688515,1.60352714488102,1.62573243272789,3.39547548724668
"28","oa03","oa03",2.991,2.13032,2.195,2.23676,8.1518,1.09560777964781,0.756272203179009,0.786182046527135,0.8050283902079,2.09823876176274
"29","oa03","oa03",3.988,1.36092,1.51363333333333,1.49106,4.5922,1.38328985209959,0.308160941633102,0.414512941624076,0.399487276421628,1.52435921207579
"30","oa03","oa03",4.985,1.24416,1.41253333333333,1.48606,3.72096666666667,1.6064334034138,0.218460603409828,0.34538478258007,0.39612832233105,1.31398349115899
"31","oa04","oa04",0.997,94.25358,76.305,91.34906,249.295033333333,-0.00300450902029872,4.54598880969162,4.33473846694284,4.51468799267802,5.51863706788153
"32","oa04","oa04",1.994,12.48366,10.3491666666667,9.62316,12.8701333333333,0.690142671539647,2.52442058917704,2.33690600117194,2.26417269306759,2.55490938156473
"33","oa04","oa04",2.991,3.6821,3.4176,2.79426,3.49483333333333,1.09560777964781,1.30348324159472,1.22893855034368,1.02756731305503,1.25128568737655
"34","oa04","oa04",3.988,1.99814,2.17986666666667,2.1561,2.4163,1.38328985209959,0.692216747841639,0.779263712851011,0.76830103416037,0.882237444549271
"35","oa04","oa04",4.985,1.72052,1.66573333333333,1.5067,1.6551,1.6064334034138,0.542626570715587,0.510265466907427,0.409921828825106,0.503861429964358
"36","oa04","oa04",0.997,37.821,47.3544333333333,52.40478,144.6556,-0.00300450902029872,3.63286450391724,3.85766044425304,3.95899780854063,4.97435574481035
"37","oa04","oa04",1.994,11.73542,10.0615666666667,9.56562,15.1956,0.690142671539647,2.46261161903321,2.30872288481961,2.25817542044651,2.72100591226243
"38","oa04","oa04",2.991,5.00618,4.86033333333333,3.839,4.24866666666667,1.09560777964781,1.61067314921493,1.58110702266604,1.34521191601866,1.44660520822399
"39","oa04","oa04",3.988,2.69668,2.86736666666667,2.29258,2.7181,1.38328985209959,0.99202138676584,1.0533940708293,0.829677820940926,0.999933106810798
"40","oa04","oa04",4.985,1.97806,2.24956666666667,1.827,2.05416666666667,1.6064334034138,0.682116566410838,0.810737605075401,0.60267527739587,0.719870250700699
"41","oa05","oa05",0.997,39.79876,21.2259666666667,18.00424,14.0711666666667,-0.00300450902029872,3.68383575602615,3.05522527493732,2.89060728571287,2.64412778642836
"42","oa05","oa05",1.994,10.47448,5.8369,5.4332,4.5068,0.690142671539647,2.34894182257122,1.7641998339865,1.6925282789662,1.50558736730787
"43","oa05","oa05",2.991,2.8484,2.49546666666667,2.0786,1.71373333333333,1.09560777964781,1.04675743312583,0.914475752461705,0.731694590172184,0.53867422658573
"44","oa05","oa05",3.988,1.69858,1.63923333333333,1.20444,0.8861,1.38328985209959,0.529792607892004,0.494228652858621,0.186014728631572,-0.12092546792888
"45","oa05","oa05",4.985,0.99368,1.021,0.79628,0.653766666666667,1.6064334034138,-0.00634005574619875,0.0207825391825284,-0.227804396196404,-0.425004769982781
"46","oa05","oa05",0.997,66.12418,35.3341666666667,32.22564,28.1168666666667,-0.00300450902029872,4.19153448934543,3.5648503900715,3.4727624089849,3.3363696335173
"47","oa05","oa05",1.994,16.37414,9.9896,9.23126,8.57176666666667,0.690142671539647,2.79570326105817,2.3015445518188,2.22259555057388,2.14847385683332
"48","oa05","oa05",2.991,4.76688,3.54786666666667,3.21076,3.0513,1.09560777964781,1.56169200284102,1.266346483884,1.16650766924328,1.11556772931752
"49","oa05","oa05",3.988,2.95266,2.54373333333333,1.88546,1.58253333333333,1.38328985209959,1.08270645898433,0.933632818180752,0.634171822959289,0.459026938532103
"50","oa05","oa05",4.985,1.51142,1.3495,1.0329,0.941966666666667,1.6064334034138,0.413049606281255,0.299734153475922,0.0323703800304506,-0.0597853907360384
"51","oa06","oa06",0.997,2753.25216,27.4192,32.0502,1037.32073333333,-0.00300450902029872,7.92053809557212,3.31124349792445,3.46730342359682,6.94439645002684
"52","oa06","oa06",1.994,165.43774,9.38836666666667,7.07792,50.7614,0.690142671539647,5.10859493068517,2.23947133417821,1.95698007923154,3.92713622323811
"53","oa06","oa06",2.991,10.09312,6.96173333333333,4.60922,6.65493333333333,1.09560777964781,2.31185400361436,1.94042848548607,1.5280586452961,1.89535843426622
"54","oa06","oa06",3.988,7.36718,5.57436666666667,3.55194,5.02213333333333,1.38328985209959,1.99703500068575,1.71817870850131,1.26749393309536,1.61385481023029
"55","oa06","oa06",4.985,4.77636,4.16003333333333,2.82534,3.8414,1.6064334034138,1.56367875013403,1.42552308706158,1.03862871133875,1.34583688348861
"56","oa06","oa06",0.997,394.782733333333,42.2779666666667,32.92234,84.1219,-0.00300450902029872,5.97833557137833,3.74426606776106,3.49415145469218,4.43226693736021
"57","oa06","oa06",1.994,26.3614,6.35576666666667,5.63358,8.55085,0.690142671539647,3.27190081899788,1.84936253728108,1.72874511928454,2.14603069321198
"58","oa06","oa06",2.991,4.7383,3.77713333333333,3.98766,4.161,1.09560777964781,1.55567842158774,1.32896534449282,1.38320459269781,1.4257554300008
"59","oa06","oa06",3.988,3.00953333333333,2.36853333333333,2.71074,3.0354,1.38328985209959,1.10178502798134,0.862270916887591,0.997221660347395,1.11034321154381
"60","oa06","oa06",4.985,2.35263333333333,1.8095,1.93894,2.5967,1.6064334034138,0.85553526816496,0.59305056402166,0.66214143199629,0.954241408102629
"61","oa07","oa07",0.997,78.4384,53.5914666666667,62.5379,19.3932,-0.00300450902029872,4.36231360336386,3.98138985142236,4.13577277295617,2.96492248916046
"62","oa07","oa07",1.994,8.35966,6.54323333333333,6.96716,2.6044,0.690142671539647,2.12341775641311,1.87843143677296,1.94120768119263,0.95720232238057
"63","oa07","oa07",2.991,2.67748,2.91383333333333,2.63026,1.27223333333333,1.09560777964781,0.98487605365734,1.06946951098746,0.967082700619002,0.240773886250346
"64","oa07","oa07",3.988,1.71216,2.15726666666667,1.65538,0.901866666666667,1.38328985209959,0.537755731296554,0.768841988262015,0.504030589724071,-0.103288589505931
"65","oa07","oa07",4.985,1.00534,1.25743333333333,1.16272,0.7498,1.6064334034138,0.00532579275534763,0.229072606344517,0.150762087886189,-0.287948774680325
"66","oa07","oa07",0.997,188.5514,111.87,101.41754,58.6847,-0.00300450902029872,5.23937064876298,4.71733748285884,4.61924605450181,4.07217904550017
"67","oa07","oa07",1.994,17.53062,10.1855,9.76824,6.84313333333333,0.690142671539647,2.86394906624839,2.32096514027548,2.27913630653114,1.92324571641203
"68","oa07","oa07",2.991,4.65168,3.4332,2.82302,1.81273333333333,1.09560777964781,1.53722844467221,1.23349277086193,1.03780723390796,0.594835835093156
"69","oa07","oa07",3.988,2.76664,1.98386666666667,1.58978,1.13096666666667,1.38328985209959,1.01763358753377,0.685047802303296,0.463595641878977,0.123072724256397
"70","oa07","oa07",4.985,1.91062,1.3422,1.08758,0.894033333333333,1.6064334034138,0.647427796714821,0.294310058742002,0.083955044493452,-0.112012218895958
"71","oa08","oa08",0.997,28.83372,17.9326666666667,17.05566,13.8028666666667,-0.00300450902029872,3.36154553558443,2.88662400308744,2.83648211345078,2.62487630005898
"72","oa08","oa08",1.994,4.5273,3.09366666666667,2.66806,2.16113333333333,0.690142671539647,1.51012573531048,1.12935701094515,0.981351616556131,0.770632775451718
"73","oa08","oa08",2.991,1.54594,1.2132,0.91878,0.674,1.09560777964781,0.435632139580285,0.193261496832289,-0.0847085759269657,-0.39452516806983
"74","oa08","oa08",3.988,1.1977,1.0519,0.84582,0.6192,1.38328985209959,0.180403050971324,0.0505980527630914,-0.167448707971248,-0.47932695670662
"75","oa08","oa08",4.985,0.8519,1.03033333333333,0.82986,0.5996,1.6064334034138,-0.160286129933342,0.0298823744818696,-0.186498267117465,-0.511492512753694
"76","oa08","oa08",0.997,24.80712,21.3486666666667,24.4211,23.8758333333333,-0.00300450902029872,3.21113070874074,3.06098928651448,3.19544751271311,3.17286678977162
"77","oa08","oa08",1.994,3.43926,3.16956666666667,3.82622,3.0294,0.690142671539647,1.23525633196541,1.15359488033273,1.34187737067177,1.10836458011079
"78","oa08","oa08",2.991,1.1207,1.1703,1.14612,1.01676666666667,1.09560777964781,0.113953490075845,0.157260126198584,0.136382324852509,0.0166276577698561
"79","oa08","oa08",3.988,0.60364,0.637633333333333,0.69902,0.858766666666667,1.38328985209959,-0.504777285231787,-0.449991873491639,-0.358075924854361,-0.152258027579569
"80","oa08","oa08",4.985,0.49586,0.566866666666667,0.6326,0.891466666666667,1.6064334034138,-0.70146165016403,-0.567631158698555,-0.457916968110589,-0.114887232544358
"81","oa09","oa09",0.997,28.22258,20.5347666666667,19.2362,18.1782,-0.00300450902029872,3.34012236676732,3.0221193846299,2.95679392053334,2.90022307394654
"82","oa09","oa09",1.994,5.54722,4.96753333333333,4.51828,4.82876666666667,0.690142671539647,1.71329690136468,1.60292340570483,1.5081313904504,1.57459108654128
"83","oa09","oa09",2.991,2.29208,2.3614,1.90408,1.53906666666667,1.09560777964781,0.829459702257324,0.859254663490872,0.643998952293215,0.43117617209051
"84","oa09","oa09",3.988,1.5721,1.68803333333333,1.48334,1.18383333333333,1.38328985209959,0.452412305215331,0.523564143214178,0.394296301881962,0.168757760787618
"85","oa09","oa09",4.985,1.36484,1.48436666666667,1.1571,0.9278,1.6064334034138,0.311037205649361,0.394988194190022,0.145916874900155,-0.0749390866644938
"86","oa09","oa09",0.997,39.61686,27.5305666666667,18.74944,19.4144,-0.00300450902029872,3.67925478522715,3.31529690254844,2.93116388530374,2.96601505876584
"87","oa09","oa09",1.994,8.5197,6.86046666666667,5.53836,7.81366666666667,0.690142671539647,2.14238112895369,1.92577546663493,1.71169842805313,2.05587433724674
"88","oa09","oa09",2.991,2.63516,2.43973333333333,2.32104,3.52453333333333,1.09560777964781,0.968943901212495,0.891888743715079,0.84201536109468,1.25974803979335
"89","oa09","oa09",3.988,1.86722,1.52256666666667,1.3665,2.13676666666667,1.38328985209959,0.624450693718154,0.420397507273259,0.312252726385986,0.75929378304137
"90","oa09","oa09",4.985,1.43706,1.282,1.0569,1.47403333333333,1.6064334034138,0.362599359878673,0.248421358498478,0.0553400950331645,0.388002407713166
"91","oa10","oa10",0.997,30.13354,41.5694666666667,31.35096,21.2700333333333,-0.00300450902029872,3.40563883711358,3.72736592341719,3.44524488861965,3.0572991963634
"92","oa10","oa10",1.994,5.20202,6.34946666666667,4.91476,3.23213333333333,0.690142671539647,1.64904701169419,1.84837081987597,1.592242922295,1.17314239393333
"93","oa10","oa10",2.991,1.74488,2.41073333333333,1.93822,1.28833333333333,1.09560777964781,0.55668578538146,0.879930988906634,0.661770026117617,0.253349393371276
"94","oa10","oa10",3.988,1.30256,1.9392,1.89134,1.30826666666667,1.38328985209959,0.26433155884353,0.662275516892858,0.637285572562531,0.268703105853978
"95","oa10","oa10",4.985,0.89174,1.4373,1.49338,0.913233333333333,1.6064334034138,-0.114580668711255,0.362766353575049,0.401042007270513,-0.0907638633135894
"96","oa10","oa10",0.997,20.95358,35.3592666666667,45.72634,36.5274,-0.00300450902029872,3.04230951482419,3.56556049848953,3.82267449947902,3.59806266389695
"97","oa10","oa10",1.994,4.0253,5.9855,6.42222,6.2296,0.690142671539647,1.39259944225448,1.78933987770929,1.85976385232129,1.82931212528064
"98","oa10","oa10",2.991,1.38946,1.84376666666667,2.22366,2.51326666666667,1.09560777964781,0.328915182452485,0.611810580613159,0.799154487003508,0.921583367801017
"99","oa10","oa10",3.988,1.03252,1.2653,1.69548,2.03113333333333,1.38328985209959,0.0320024161254944,0.235309248213081,0.52796588658358,0.70859392954897
"100","oa10","oa10",4.985,0.69578,0.927366666666667,1.3815,1.6399,1.6064334034138,-0.362721760569332,-0.0754062504498294,0.323169865381334,0.494635264367263
"101","oa11","oa11",0.997,311.78178,14.6118666666667,15.16946,12.8497333333333,-0.00300450902029872,5.74230352002213,2.68183398397125,2.71928419615469,2.55332305885612
"102","oa11","oa11",1.994,86.55396,4.51513333333333,3.29892,2.84006666666667,0.690142671539647,4.46076803447502,1.50743471762523,1.19359514217976,1.043827526076
"103","oa11","oa11",2.991,17.8064,1.99093333333333,1.095,0.911733333333333,1.09560777964781,2.87955794323702,0.688603540510073,0.0907543632684641,-0.0924077293251551
"104","oa11","oa11",3.988,6.06892,1.13183333333333,0.64176,0.511933333333333,1.38328985209959,1.80318066502355,0.123838736903599,-0.443540876960394,-0.669560870753804
"105","oa11","oa11",4.985,2.43074,0.554466666666667,0.34802,0.3476,1.6064334034138,0.888195737742569,-0.58974858821566,-1.0554953295947,-1.0567028855909
"106","oa11","oa11",0.997,289.439566666667,25.9773,33.0993,17.8317666666667,-0.00300450902029872,5.66794652450195,3.25722307974476,3.49951213412314,2.88098151090748
"107","oa11","oa11",1.994,90.5343666666667,7.26626666666667,7.09588,5.812,0.690142671539647,4.50572952079518,1.98324263374029,1.95951433392855,1.75992474570804
"108","oa11","oa11",2.991,22.3358333333333,3.90703333333333,3.13974,3.28196666666667,1.09560777964781,3.10619226475652,1.36277834773179,1.14413999394407,1.18844283620763
"109","oa11","oa11",3.988,6.3323,2.0422,1.72374,2.00733333333333,1.38328985209959,1.8456635192919,0.7140276581393,0.544496348803253,0.696807141391432
"110","oa11","oa11",4.985,2.652,0.9279,0.91342,1.12416666666667,1.6064334034138,0.975314072323616,-0.0748313106230035,-0.0905594822590018,0.117042020431664
"111","oa12","oa12",0.997,14.98416,12.3369333333333,14.31708,12.5067333333333,-0.00300450902029872,2.70699364314137,2.51259747327586,2.66145323012538,2.52626716594611
"112","oa12","oa12",1.994,2.78728,2.2634,3.54824,3.31066666666667,0.690142671539647,1.02506620990478,0.816868107549704,1.26645170590255,1.19714957897781
"113","oa12","oa12",2.991,0.86806,1.00483333333333,1.53646,1.26743333333333,1.09560777964781,-0.141494442286807,0.00482169027921342,0.429481069057213,0.236993858124258
"114","oa12","oa12",3.988,0.56192,0.557733333333333,0.93104,0.871533333333333,1.38328985209959,-0.57639578797544,-0.583874328082203,-0.0714530380737773,-0.137501166522487
"115","oa12","oa12",4.985,0.41782,0.4787,0.68834,0.529066666666667,1.6064334034138,-0.872704561211234,-0.736681182583674,-0.373472377071991,-0.636640831119638
"116","oa12","oa12",0.997,15.4235,19.7848333333333,19.39696,12.4872,-0.00300450902029872,2.7358923203303,2.98491565091175,2.96511635275947,2.52470411966207
"117","oa12","oa12",1.994,4.2904,5.88946666666667,6.96298,4.5937,0.690142671539647,1.45637996868658,1.77316544461066,1.94060754363114,1.52468579956603
"118","oa12","oa12",2.991,2.12632,2.6814,2.65386,1.74543333333333,1.09560777964781,0.754392785996723,0.986339046185324,0.976015183953471,0.557002853383742
"119","oa12","oa12",3.988,1.30822,1.72753333333333,1.57038,1.25776666666667,1.38328985209959,0.268667434610347,0.546694572180233,0.451317628290254,0.229337661477537
"120","oa12","oa12",4.985,0.91364,1.2271,0.9782,0.792666666666667,1.6064334034138,-0.0903186582017039,0.204653662000365,-0.0220411308768803,-0.23235249039952
"121","oa13","oa13",0.997,41.68644,38.8936,30.88738,29.0495,-0.00300450902029872,3.73017589606621,3.66082971266718,3.43034768624041,3.36900127144584
"122","oa13","oa13",1.994,13.14462,13.151,11.06788,10.7417333333333,0.690142671539647,2.57601254943383,2.57649780135983,2.40404721979868,2.3741364664994
"123","oa13","oa13",2.991,6.00116,7.3654,6.51012,6.00346666666667,1.09560777964781,1.79195278387491,1.99679335936988,1.87335788923031,1.79233708015652
"124","oa13","oa13",3.988,3.41944,5.56626666666667,5.13642,4.52183333333333,1.38328985209959,1.22947679497716,1.71672457188539,1.63635633874514,1.50891751632855
"125","oa13","oa13",4.985,2.5453,4.1142,3.88714,3.311,1.6064334034138,0.934248521247932,1.41444440453624,1.35767366871568,1.19725025856511
"126","oa13","oa13",0.997,302.03344,100.974666666667,85.69918,87.1623333333333,-0.00300450902029872,5.71053773972175,4.61486966029688,4.45084325729658,4.46777228040801
"127","oa13","oa13",1.994,33.81048,16.2736333333333,16.48704,17.1825666666667,0.690142671539647,3.52077081360216,2.78954621119438,2.80257461773004,2.84389530392268
"128","oa13","oa13",2.991,8.62934,6.47443333333333,5.89634,6.05003333333333,1.09560777964781,2.15516802476639,1.86786108766833,1.77433181943879,1.80006378166945
"129","oa13","oa13",3.988,5.76732,4.62473333333333,4.29686,4.60526666666667,1.38328985209959,1.75220750121594,1.53141871164446,1.45788452339172,1.5272005761016
"130","oa13","oa13",4.985,3.43094,3.32766666666667,2.88396,3.20996666666667,1.6064334034138,1.23283427611046,1.20227135768618,1.059164349701,1.16626055287202
"131","oa14","oa14",0.997,19.62196,21.8404333333333,32.15368,10.7983666666667,-0.00300450902029872,2.97664934721094,3.08376299194971,3.47052690758575,2.37939488812517
"132","oa14","oa14",1.994,5.01644,3.59866666666667,3.32242,2.30406666666667,0.690142671539647,1.61272051878175,1.28056340648765,1.20069343306105,0.834675677600216
"133","oa14","oa14",2.991,2.19144,1.74553333333333,1.63638,1.20596666666667,1.09560777964781,0.784558861994057,0.557060144105525,0.492486485047794,0.187281458343135
"134","oa14","oa14",3.988,1.50952,1.34616666666667,1.27414,0.849166666666667,1.38328985209959,0.411791719497321,0.297261047232104,0.242271441222386,-0.163499802553367
"135","oa14","oa14",4.985,0.93164,0.893933333333333,0.81328,0.573,1.6064334034138,-0.0708088050109305,-0.112124077804705,-0.206679825283545,-0.556869562267398
"136","oa14","oa14",0.997,20.85958,27.1655,27.58484,18.7583,-0.00300450902029872,3.03781331514174,3.30194778587128,3.31726634645381,2.9316363211351
"137","oa14","oa14",1.994,6.43098,7.7717,6.5776,5.6931,0.690142671539647,1.86112693721164,2.05048893066726,1.88366993716148,1.73925491524591
"138","oa14","oa14",2.991,3.35444,3.9304,3.40738,3.00823333333333,1.09560777964781,1.21028484143962,1.3687412018723,1.2259436675341,1.10135297400111
"139","oa14","oa14",3.988,2.45546,2.88196666666667,2.57404,2.2122,1.38328985209959,0.898314116403168,1.05847293146834,0.94547664906873,0.793987495486017
"140","oa14","oa14",4.985,1.46448,1.89246666666667,1.4902,1.3362,1.6064334034138,0.381500230654332,0.637881092788176,0.39891033913749,0.28982976450924
"141","oa15","oa15",0.997,42.36048,20.7120666666667,18.72334,17.2787,-0.00300450902029872,3.74621585211376,3.03071646119003,2.92977087393812,2.8494745290644
"142","oa15","oa15",1.994,7.21254,4.69363333333333,4.4801,5.32683333333333,0.690142671539647,1.97582117774605,1.54620698047351,1.49964536760635,1.67275694029191
"143","oa15","oa15",2.991,2.44128,2.0676,1.61168,1.84403333333333,1.09560777964781,0.892522491919727,0.726388514339747,0.477277113212234,0.611955201615996
"144","oa15","oa15",3.988,1.3649,1.6109,1.30538,1.161,1.38328985209959,0.311081165880013,0.476793029021783,0.266494186127199,0.149281702715754
"145","oa15","oa15",4.985,0.80574,1.09523333333333,0.89374,0.9937,1.6064334034138,-0.215994169160998,0.0909674303701879,-0.112340373847704,-0.00631992874481935
"146","oa15","oa15",0.997,171.22596,103.802533333333,85.91058,82.9375333333333,-0.00300450902029872,5.14298408772616,4.64249037634277,4.45330698787849,4.41808771400141
"147","oa15","oa15",1.994,40.78652,22.1780333333333,18.30558,17.9770333333333,0.690142671539647,3.70835163466174,3.09910230952085,2.90720593140211,2.88909501728369
"148","oa15","oa15",2.991,8.80514,5.2694,4.39102,5.5043,1.09560777964781,2.17533564187855,1.66191650407923,1.47956154634033,1.70552960495961
"149","oa15","oa15",3.988,5.9992,4.14606666666667,2.95494,3.1082,1.38328985209959,1.79162612700504,1.4221600936399,1.08347834608339,1.13404378049937
"150","oa15","oa15",4.985,3.66534,2.8116,2.14656,2.1232,1.6064334034138,1.29892110047645,1.03375371631961,0.763866560772598,0.752924384595806
"151","oa16","oa16",0.997,56.74762,20.3746,18.07472,15.802,-0.00300450902029872,4.03861371715608,3.01428902703238,2.89451427691516,2.76013651430054
"152","oa16","oa16",1.994,7.66448,4.55036666666667,4.59958,4.0737,0.690142671539647,2.03659666918752,1.51520781579656,1.52596499497873,1.40455167739072
"153","oa16","oa16",2.991,2.00698,1.96343333333333,2.0449,2.13263333333333,1.09560777964781,0.696631104642476,0.674694641484383,0.715348888543632,0.75735752285273
"154","oa16","oa16",3.988,1.17616,1.3511,1.39468,1.42973333333333,1.38328985209959,0.16225489464364,0.300919075483776,0.332664998278259,0.357487946695744
"155","oa16","oa16",4.985,0.61748,0.657533333333333,0.6604,0.728,1.6064334034138,-0.482108599668496,-0.419259819130354,-0.414909566936164,-0.317454230785451
"156","oa16","oa16",0.997,244.7675,66.0815666666667,38.42154,35.0315,-0.00300450902029872,5.50030878038668,4.19088983756767,3.64861823982705,3.55624765673225
"157","oa16","oa16",1.994,44.02162,12.2019333333333,8.54226,9.7903,0.690142671539647,3.78468087687504,2.50159440912953,2.14502560979263,2.28139209958671
"158","oa16","oa16",2.991,7.29492,3.72673333333333,2.92668,4.3592,1.09560777964781,1.98717821549926,1.31553206798649,1.07386867477719,1.47228855428675
"159","oa16","oa16",3.988,3.91174,2.36266666666667,1.75202,2.36936666666667,1.38328985209959,1.36398228779617,0.85979092463467,0.560769407974157,0.862622690180369
"160","oa16","oa16",4.985,2.14416,1.4022,1.09194,1.31293333333333,1.6064334034138,0.762747867289781,0.33804243179073,0.0879559307582333,0.2722638197234
"161","oa17","oa17",0.997,157.08678,42.5484333333333,13.83968,29.763,-0.00300450902029872,5.05679839149796,3.75064303491341,2.62753982853494,3.39326601133588
"162","oa17","oa17",1.994,7.64938,4.37753333333333,3.12668,4.4622,0.690142671539647,2.03462459880243,1.47648539984524,1.13997173873326,1.49564191795517
"163","oa17","oa17",2.991,2.25026,1.99896666666667,1.86448,2.66706666666667,1.09560777964781,0.811045765095855,0.692630380375065,0.622982193842816,0.980979241762851
"164","oa17","oa17",3.988,1.92086,1.70003333333333,1.44724,2.09363333333333,1.38328985209959,0.652773002421632,0.530647858713076,0.369658294296861,0.73890099364571
"165","oa17","oa17",4.985,1.43708,1.3658,1.22864,1.84306666666667,1.6064334034138,0.362613277085212,0.311740337544852,0.205907866600096,0.611430850939955
"166","oa17","oa17",0.997,440.64046,54.9686666666667,13.5087,27.8547666666667,-0.00300450902029872,6.08822925947584,4.0067633259238,2.60333392232368,3.32700410672496
"167","oa17","oa17",1.994,10.64866,6.14993333333333,4.2595,5.7042,0.690142671539647,2.36543406264299,1.81644124165127,1.44915178250076,1.7412027456109
"168","oa17","oa17",2.991,2.6749,3.48306666666667,2.53466,2.95023333333333,1.09560777964781,0.983911996471631,1.2479131317883,0.93005950575998,1.081884263269
"169","oa17","oa17",3.988,2.33366,3.1155,2.26614,2.50866666666667,1.38328985209959,0.847437850588118,1.13638965300214,0.818077943574648,0.919751403503136
"170","oa17","oa17",4.985,1.4752,1.74963333333333,1.3722,1.65526666666667,1.6064334034138,0.388793573820192,0.559406242172719,0.316415291274653,0.503962123744588
"171","oa18","oa18",0.997,54.1514,46.533,51.77912,37.0398333333333,-0.00300450902029872,3.99178382722174,3.84016173831072,3.94698697920022,3.61199391012783
"172","oa18","oa18",1.994,8.55578,7.60816666666667,9.59804,10.3195333333333,0.690142671539647,2.1466070779396,2.02922223176795,2.26155891096227,2.33403853939273
"173","oa18","oa18",2.991,3.63062,3.8565,5.08428,5.10403333333333,1.09560777964781,1.28940343259036,1.34976003639192,1.62615342655495,1.63003107684666
"174","oa18","oa18",3.988,1.90834,2.02063333333333,2.4045,2.3263,1.38328985209959,0.646233754215873,0.703410993625565,0.87734198173558,0.844279022563861
"175","oa18","oa18",4.985,1.4556,1.46313333333333,1.78736,1.6669,1.6064334034138,0.375418186755868,0.380580254818511,0.580739670840401,0.510965613966905
"176","oa18","oa18",0.997,47.10994,33.0947333333333,36.24046,47.9014,-0.00300450902029872,3.8524840190962,3.4993741559265,3.59017617425095,3.86914473154716
"177","oa18","oa18",1.994,14.18496,12.741,13.05508,15.4454333333333,0.690142671539647,2.65218224837668,2.54482513999924,2.56917733005265,2.7373133825217
"178","oa18","oa18",2.991,8.29098,9.3333,8.84026,8.86793333333333,1.09560777964781,2.11516817687692,2.23358865007215,2.17931628798174,2.18244177405929
"179","oa18","oa18",3.988,3.5224,3.9986,3.76812,3.516,1.38328985209959,1.25914257545941,1.3859442998556,1.32657620334077,1.25732397982293
"180","oa18","oa18",4.985,3.36794,3.57903333333333,2.85142,2.442,1.6064334034138,1.21430128149456,1.27509274532904,1.04781711581146,0.892817375688513
"181","oa20","oa20",0.997,55.84302,21.2291666666667,32.05004,23.5477,-0.00300450902029872,4.02254454008624,3.05537602231483,3.46729843141582,3.15902815114941
"182","oa20","oa20",1.994,8.49938,3.8377,6.04276,6.6232,0.690142671539647,2.13999321965946,1.3448732288191,1.79886086121759,1.89057863684246
"183","oa20","oa20",2.991,1.85554,1.41496666666667,2.70296,3.12563333333333,1.09560777964781,0.618175758817818,0.347105973691697,0.994347468812634,1.13963692932092
"184","oa20","oa20",3.988,0.96694,0.983633333333333,1.72228,1.80316666666667,1.38328985209959,-0.0336188330236763,-0.0165020800995063,0.543648994413344,0.589544378477381
"185","oa20","oa20",4.985,0.73994,0.8604,1.49838,1.62503333333333,1.6064334034138,-0.301186177152251,-0.150357881588562,0.40438452448792,0.485528328391829
"186","oa20","oa20",0.997,25.5576,14.3438333333333,19.92428,7.91333333333333,-0.00300450902029872,3.24093472838715,2.66332011697524,2.99193908851522,2.06854910051341
"187","oa20","oa20",1.994,6.00716,5.20133333333333,4.2232,2.6411,0.690142671539647,1.79295209110511,1.6489150029763,1.44059313452727,0.971195497043441
"188","oa20","oa20",2.991,2.82782,2.71253333333333,2.03412,1.41783333333333,1.09560777964781,1.03950609678656,0.997883007577554,0.710063292936258,0.349129884765692
"189","oa20","oa20",3.988,1.93224,1.7723,1.2823,0.938266666666667,1.38328985209959,0.658679951677698,0.572278138078957,0.248655340482933,-0.0637210775578529
"190","oa20","oa20",4.985,1.13364,1.0897,0.85338,0.6214,1.6064334034138,0.125433694586906,0.0859024290007033,-0.158550344171945,-0.47578028202319
"191","oa21","oa21",0.997,40.67538,19.827,32.7291,36.9199333333333,-0.00300450902029872,3.70562299540934,2.98704464515643,3.4882645904265,3.60875160392699
"192","oa21","oa21",1.994,4.86826,2.31686666666667,4.77042,6.29396666666667,0.690142671539647,1.58273658372367,0.840215698117542,1.56243435133851,1.83959150257904
"193","oa21","oa21",2.991,1.40198,0.701966666666667,1.84908,2.6075,1.09560777964781,0.337885523175412,-0.353869359464514,0.614688218099625,0.95839190789279
"194","oa21","oa21",3.988,0.90334,0.462833333333333,1.34478,1.91863333333333,1.38328985209959,-0.101656273729932,-0.770388260903393,0.296230430901738,0.65161312703028
"195","oa21","oa21",4.985,0.54124,0.335033333333333,1.00948,1.37773333333333,1.6064334034138,-0.613892475586693,-1.09352524961955,0.00943534678648513,0.320439636689953
"196","oa21","oa21",0.997,169.63496,30.2459333333333,51.35654,54.7714666666667,-0.00300450902029872,5.13364883419098,3.40936174017791,3.93879228951116,4.0031693770872
"197","oa21","oa21",1.994,29.84226,3.8349,7.80488,11.1371333333333,0.690142671539647,3.39592550973305,1.34414335885995,2.05474917908943,2.41028487044429
"198","oa21","oa21",2.991,6.02386,1.12073333333333,2.98414,4.7634,1.09560777964781,1.79572824985568,0.113983232948712,1.09331159813103,1.56096169897699
"199","oa21","oa21",3.988,3.63096,0.618366666666667,1.75958,3.01263333333333,1.38328985209959,1.28949707612255,-0.480673685705919,0.565075144208236,1.10281455786499
"200","oa21","oa21",4.985,2.02088,0.405566666666667,1.24974,2.2636,1.6064334034138,0.703533060112363,-0.902470012856843,0.22293552967921,0.816956466286232
"201","oa22","oa22",0.997,67.39082,39.7400333333333,37.63004,39.0841333333333,-0.00300450902029872,4.21050880686154,3.68235907590876,3.62780266758644,3.66571658753195
"202","oa22","oa22",1.994,9.75554,7.73163333333333,6.44472,5.8604,0.690142671539647,2.27783532877055,2.04532013825232,1.86326119091677,1.76821786064502
"203","oa22","oa22",2.991,3.60752,3.24726666666667,2.53972,2.24096666666667,1.09560777964781,1.28302055565606,1.17781361684014,0.932053838733514,0.806907320396103
"204","oa22","oa22",3.988,1.738,1.81253333333333,1.35558,1.1725,1.38328985209959,0.5527350268432,0.594725498382182,0.304229407027288,0.159138221338297
"205","oa22","oa22",4.985,1.35188,1.173,0.83934,0.765666666666667,1.6064334034138,0.301496216285152,0.159564569671338,-0.175139410265743,-0.267008364961148
"206","oa23","oa23",0.997,33.05872,17.6504,17.60496,21.7135,-0.00300450902029872,3.49828537415997,2.87075844601203,2.86818068052264,3.07793418692577
"207","oa23","oa23",1.994,4.7988,2.89893333333333,3.13798,3.19423333333333,0.690142671539647,1.56836588665864,1.06434285323954,1.14357928080423,1.16134710076678
"208","oa23","oa23",2.991,1.33712,1.07033333333333,0.8751,0.836966666666667,1.09560777964781,0.290518047270989,0.0679701264392672,-0.133417113440352,-0.177971034056697
"209","oa23","oa23",3.988,0.70074,0.663233333333333,0.52678,0.581933333333333,1.38328985209959,-0.355618359463608,-0.410628415065044,-0.640972274905836,-0.541399385348997
"210","oa23","oa23",4.985,0.39404,0.3884,0.33286,0.412666666666667,1.6064334034138,-0.931302851994659,-0.945719542564967,-1.10003329782356,-0.885115114405705
"211","oa23","oa23",0.997,26.46894,18.441,14.04672,20.1814666666667,-0.00300450902029872,3.27597197010283,2.91457644659298,2.64238891656831,3.00476469150481
"212","oa23","oa23",1.994,4.86328,3.90443333333333,3.708,4.12093333333333,0.690142671539647,1.5817131073911,1.36211265965886,1.31049264770361,1.41607967492258
"213","oa23","oa23",2.991,1.6895,1.65703333333333,1.43754,1.2296,1.09560777964781,0.524432627172208,0.505028854918813,0.362933319389187,0.206688913242249
"214","oa23","oa23",3.988,1.0926,1.19153333333333,0.94832,0.8867,1.38328985209959,0.0885601769794802,0.175240993106031,-0.053063280942609,-0.120248572596176
"215","oa23","oa23",4.985,0.78196,0.8487,0.71362,0.6782,1.6064334034138,-0.245951690640218,-0.164049512006506,-0.337404671203254,-0.388313049290599
"216","oa24","oa24",0.997,66.35288,33.403,27.23118,43.9387666666667,-0.00300450902029872,4.19498716601555,3.50864571630833,3.30436264030423,3.78279699798417
"217","oa24","oa24",1.994,19.00014,9.36743333333333,6.23544,6.7896,0.690142671539647,2.94444634756035,2.23723913485583,1.83024914600858,1.91539202967333
"218","oa24","oa24",2.991,4.62926,2.84323333333333,2.2369,2.43523333333333,1.09560777964781,1.53239702811059,1.04494190222872,0.80509097878193,0.890042576721202
"219","oa24","oa24",3.988,2.68686,1.93196666666667,1.65844,1.84926666666667,1.38328985209959,0.988373225559176,0.658538482363364,0.505877401481941,0.614789164108017
"220","oa24","oa24",4.985,1.45826,1.32203333333333,1.27938,1.5925,1.6064334034138,0.377243944162813,0.279170955433354,0.24637558558406,0.465305108464181
"221","oa25","oa25",0.997,24.74718,20.9821666666667,13.85622,14.5954666666667,-0.00300450902029872,3.20871154312917,3.04367287059424,2.62873422929218,2.68071097821537
"222","oa25","oa25",1.994,5.74538,5.21186666666667,2.8941,2.46133333333333,0.690142671539647,1.74839605358672,1.6509380769451,1.06267418186248,0.900703208532441
"223","oa25","oa25",2.991,1.68128,1.9595,1.13004,0.678766666666667,1.09560777964781,0.519555408074983,0.672689338657549,0.122253030327835,-0.387477853093778
"224","oa25","oa25",3.988,0.98644,0.997566666666667,0.583,0.333466666666667,1.38328985209959,-0.0136527764537869,-0.00243629870034984,-0.539568092631645,-1.09821236864678
"225","oa25","oa25",4.985,0.64384,0.690433333333333,0.39226,0.210533333333333,1.6064334034138,-0.440305030950872,-0.37043585918877,-0.935830393748772,-1.55811128526876
"226","oa25","oa25",0.997,25.15172,19.9113,16.04958,12.2645,-0.00300450902029872,3.22492628386931,2.99128740976676,2.77568268100933,2.506708910471
"227","oa25","oa25",1.994,8.4078,6.13333333333333,4.12624,3.03826666666667,0.690142671539647,2.12915984642209,1.81373837594683,1.4173665806743,1.1112871773677
"228","oa25","oa25",2.991,2.57442,2.20503333333333,1.12178,0.829666666666667,1.09560777964781,0.945624266026302,0.790742625942521,0.114916709443243,-0.186731265282655
"229","oa25","oa25",3.988,1.33144,1.21313333333333,0.72342,0.5834,1.38328985209959,0.286261063296334,0.193206544228896,-0.323765312624863,-0.538882221548516
"230","oa25","oa25",4.985,0.88878,0.807233333333333,0.47632,0.4636,1.6064334034138,-0.117905543160121,-0.214142515783791,-0.741665381714671,-0.76873316751654
"231","ya01","ya01",0.997,90.86226,54.1738666666667,47.65192,63.9499,-0.00300450902029872,4.50934473345357,3.99219862734512,3.86392292309746,4.15809996430197
"232","ya01","ya01",1.994,14.80356,11.8409333333333,12.23814,15.3625666666667,0.690142671539647,2.69486769238537,2.47156245517786,2.50455730475266,2.7319338144542
"233","ya01","ya01",2.991,4.25716,4.77303333333333,4.53082,5.9489,1.09560777964781,1.44860227129358,1.56298202172729,1.51090293856616,1.78320632851666
"234","ya01","ya01",3.988,3.91798,4.49736666666667,3.39336,3.31516666666667,1.38328985209959,1.36557621486409,1.50349204030341,1.22182058096956,1.19850789889487
"235","ya01","ya01",4.985,3.73244,4.82636666666667,3.49928,2.91673333333333,1.6064334034138,1.31706217528526,1.57409394166164,1.25255723304757,1.07046426858305
"236","ya01","ya01",0.997,50.27352,40.9537,47.67022,55.2771,-0.00300450902029872,3.9174784971349,3.71244216030775,3.86430688426797,4.01235871788072
"237","ya01","ya01",1.994,10.23622,11.0977666666667,13.9845,14.0832,0.690142671539647,2.32593241083719,2.40674388687341,2.63794957342272,2.64498259763464
"238","ya01","ya01",2.991,4.2674,5.80833333333333,6.24908,6.46046666666667,1.09560777964781,1.45100474248865,1.75929366797848,1.83243425291333,1.86570155460745
"239","ya01","ya01",3.988,2.6234,3.6514,3.6516,4.22156666666667,1.38328985209959,0.964471186398908,1.29511065569727,1.29516542770879,1.4402063071777
"240","ya01","ya01",4.985,2.0625,2.8896,2.67926,3.2321,1.6064334034138,0.723918839226699,1.06111808424053,0.985540636991799,1.17313208077426
"241","ya02","ya02",0.997,59.13872,33.7861,23.49302,24.2852333333333,-0.00300450902029872,4.07988587063245,3.52004947530199,3.15670335575396,3.18986848387728
"242","ya02","ya02",1.994,8.14958,7.7177,6.22502,6.02353333333333,0.690142671539647,2.09796639218253,2.04351639218634,1.82857665519702,1.79567401959065
"243","ya02","ya02",2.991,2.29684,3.06023333333333,3.37676,2.76646666666667,1.09560777964781,0.831534265207725,1.11849116578051,1.21691666988176,1.01757093436483
"244","ya02","ya02",3.988,1.60162,2.0832,2.10374,1.71823333333333,1.38328985209959,0.471015617013338,0.733905173032113,0.743716713095063,0.54129663118108
"245","ya02","ya02",4.985,1.28306,1.76093333333333,1.46234,1.2358,1.6064334034138,0.249247849933641,0.565843971519403,0.380037892429669,0.211718533644742
"246","ya02","ya02",0.997,37.1471,48.3051,36.29962,28.0478666666667,-0.00300450902029872,3.61488570620561,3.8775371451464,3.59180727289645,3.33391257441211
"247","ya02","ya02",1.994,6.4569,8.67233333333333,8.35518,6.7252,0.690142671539647,1.86514932645611,2.16013788184295,2.12288170580093,1.90586166482264
"248","ya02","ya02",2.991,2.5877,3.62753333333333,3.36056,2.8773,1.09560777964781,0.950769450290397,1.288552894799,1.21210762675443,1.05685235441988
"249","ya02","ya02",3.988,1.78238,2.42446666666667,2.66458,2.5564,1.38328985209959,0.577949549862021,0.88561156892954,0.980046446698798,0.93860001879399
"250","ya02","ya02",4.985,1.36486,1.8277,1.78068,1.77776666666667,1.6064334034138,0.311051859274302,0.603058345778259,0.576995313823898,0.57535789488403
"251","ya03","ya03",0.997,28.23132,37.0885,22.53228,22.968,-0.00300450902029872,3.34043199993951,3.61330694851599,3.11494894772607,3.13410194281876
"252","ya03","ya03",1.994,4.51426,5.8487,4.58636,4.81626666666667,0.690142671539647,1.5072412753188,1.76621941432653,1.52308668113671,1.57199907745921
"253","ya03","ya03",2.991,1.80296,2.3696,1.9319,1.8439,1.09560777964781,0.589429758728273,0.862721164531397,0.658503974616371,0.611882893728982
"254","ya03","ya03",3.988,0.92828,1.2783,1.1686,1.14126666666667,1.38328985209959,-0.0744218675675792,0.245531070191839,0.1558064511382,0.132138756690431
"255","ya03","ya03",4.985,0.72666,1.13336666666667,1.00232,0.9998,1.6064334034138,-0.319296586221123,0.125192554286194,0.00231731295516029,-0.000200020002667045
"256","ya03","ya03",0.997,48.1532,39.0566333333333,29.74654,26.0831333333333,-0.00300450902029872,3.87438759501818,3.66501272955081,3.39271282270697,3.26128887299113
"257","ya03","ya03",1.994,6.2977,4.6586,5.07234,4.8205,0.690142671539647,1.84018448737471,1.53871497381512,1.62380224958852,1.5728776571223
"258","ya03","ya03",2.991,2.2414,2.18163333333333,1.94618,1.7735,1.09560777964781,0.807100670635791,0.780073831738223,0.665868476916817,0.57295499523154
"259","ya03","ya03",3.988,1.11396,1.2141,1.11184,1.1123,1.38328985209959,0.107921234217704,0.194003061567792,0.10601630058388,0.106429943615847
"260","ya03","ya03",4.985,0.86356,0.9204,0.85694,0.817166666666667,1.6064334034138,-0.146691899153879,-0.0829469208209262,-0.1543873745039,-0.201912206558959
"261","ya04","ya04",0.997,96.49808,43.3043,41.13232,69.9121666666667,-0.00300450902029872,4.56952311177395,3.76825193723717,3.71679418716747,4.24723969227175
"262","ya04","ya04",1.994,15.86246,9.4778,8.83282,9.74176666666667,0.690142671539647,2.76395531136672,2.24895222182455,2.17847432942788,2.27642248382125
"263","ya04","ya04",2.991,6.34038,6.21106666666667,5.44046,5.3791,1.09560777964781,1.84693870356151,1.82633264716417,1.69386361611648,1.68252107393444
"264","ya04","ya04",3.988,3.7208,3.89083333333333,3.8272,3.89716666666667,1.38328985209959,1.31393869892775,1.35862335919485,1.34213346533412,1.3602497933832
"265","ya04","ya04",4.985,2.42062,2.48526666666667,2.00828,1.8025,1.6064334034138,0.88402370570251,0.910379964321075,0.697278634339394,0.589174590176967
"266","ya04","ya04",0.997,35.14598,36.0243333333333,41.13536,49.7945666666667,-0.00300450902029872,3.55951024471769,3.58419463604699,3.71686809225392,3.90790587499945
"267","ya04","ya04",1.994,10.8015,11.7667333333333,9.6734,7.83413333333333,0.690142671539647,2.37968501337489,2.46527634097747,2.26937985056294,2.0584902549269
"268","ya04","ya04",2.991,4.35378,5.32153333333333,4.17928,3.18583333333333,1.09560777964781,1.47104443328588,1.67176148237737,1.43013898289631,1.15871389792032
"269","ya04","ya04",3.988,2.41984,2.91663333333333,2.24796,1.69073333333333,1.38328985209959,0.883701422280376,1.07042998306468,0.810023138278831,0.525162359866043
"270","ya04","ya04",4.985,1.7398,2.08393333333333,1.59774,1.17493333333333,1.6064334034138,0.553770164091303,0.734257133616161,0.468590130727228,0.161211408397832
"271","ya05","ya05",0.997,152.01748,86.7079333333333,84.1798,113.5727,-0.00300450902029872,5.02399551423428,4.4625453828683,4.43295498747835,4.73244316050491
"272","ya05","ya05",1.994,12.29402,15.2543333333333,9.9886,14.5274,0.690142671539647,2.50911296529332,2.72486361569507,2.30144444269978,2.67603652144662
"273","ya05","ya05",2.991,3.1386,5.609,4.48376,6.48693333333333,1.09560777964781,1.14377684062248,1.7243724505262,1.50046198013786,1.86978989721393
"274","ya05","ya05",3.988,1.9736,3.60023333333333,2.64036,3.76866666666667,1.38328985209959,0.67985928623301,1.28099865817649,0.970915271497913,1.32672126958499
"275","ya05","ya05",4.985,1.5734,2.98346666666667,2.31036,2.7863,1.6064334034138,0.453238882913005,1.09308593535739,0.837403356547108,1.02471455082386
"276","ya05","ya05",0.997,45.48962,109.970466666667,139.65458,288.160233333333,-0.00300450902029872,3.81748416806274,4.70021184489542,4.9391720881298,5.66351669116265
"277","ya05","ya05",1.994,6.38192,17.5829,12.92654,18.5140666666667,0.690142671539647,1.85346899252208,2.86692683883462,2.55928256223299,2.91853080351715
"278","ya05","ya05",2.991,2.4542,6.80416666666667,5.27248,6.02383333333333,1.09560777964781,0.89780084256031,1.91753516962847,1.66250084009665,1.79572382300551
"279","ya05","ya05",3.988,1.70558,4.0514,3.24694,3.83396666666667,1.38328985209959,0.533905228841838,1.39906250039757,1.17771301435435,1.34389995044551
"280","ya05","ya05",4.985,1.37576,3.3775,2.46182,2.79493333333333,1.6064334034138,0.319006305693807,1.21713579085222,0.900900913797868,1.02780825420572
"281","ya06","ya06",0.997,94.74262,25.5780666666667,24.13138,40.5924,-0.00300450902029872,4.55116395174696,3.24173521341428,3.18351306822129,3.70358085696683
"282","ya06","ya06",1.994,12.59032,5.38423333333333,6.10928,7.9701,0.690142671539647,2.53292826473087,1.68347492968963,1.80980892663267,2.07569703977485
"283","ya06","ya06",2.991,3.7675,2.6767,3.25586,3.62683333333333,1.09560777964781,1.32641165151851,0.984584692513143,1.18045644967288,1.2883599075861
"284","ya06","ya06",3.988,2.59336,2.13196666666667,2.49768,2.56173333333333,1.38328985209959,0.952954332245673,0.757044871409641,0.915362301015577,0.9406841127073
"285","ya06","ya06",4.985,1.80042,1.5708,1.66948,1.6404,1.6064334034138,0.588019971017464,0.451585043721717,0.512512200695195,0.494940114535767
"286","ya06","ya06",0.997,18.0648,20.4147666666667,22.53254,40.9301666666667,-0.00300450902029872,2.8939652934063,3.01625849520177,3.11496048666043,3.71186736248885
"287","ya06","ya06",1.994,5.86424,6.51626666666667,6.43532,7.3604,0.690142671539647,1.76887289144124,1.8743016148052,1.86180156786142,1.99611427909008
"288","ya06","ya06",2.991,3.90946,5.69376666666667,4.94052,4.9958,1.09560777964781,1.36339925704269,1.73937200920809,1.59747058881795,1.60859755943641
"289","ya06","ya06",3.988,2.74218,4.04186666666667,3.57408,3.6885,1.38328985209959,1.00875322449977,1.3967066314672,1.27370780037032,1.30521987134222
"290","ya06","ya06",4.985,1.84384,2.58026666666667,2.00812,2.15586666666667,1.6064334034138,0.611850353473972,0.947892752765461,0.697198961000043,0.768192808215413
"291","ya07","ya07",0.997,90.72256,63.9920666666667,53.08438,47.0299333333333,-0.00300450902029872,4.50780605827619,4.15875911734287,3.97188272301521,3.85078427842104
"292","ya07","ya07",1.994,18.39614,13.8803666666667,12.92414,8.61213333333333,0.690142671539647,2.9121408599988,2.63047537163656,2.55909688046316,2.15317206165507
"293","ya07","ya07",2.991,5.88214,6.3411,6.12848,4.02436666666667,1.09560777964781,1.77192064127664,1.84705225497676,1.81294675835246,1.39236754859325
"294","ya07","ya07",3.988,3.11424,3.65706666666667,3.12184,2.05256666666667,1.38328985209959,1.13598514173291,1.29666136887985,1.13842257158072,0.719091042531535
"295","ya07","ya07",4.985,2.2104,2.43163333333333,2.20652,1.4763,1.6064334034138,0.79317349462707,0.888563185193492,0.791416613815097,0.389538957557905
"296","ya07","ya07",0.997,51.8256,62.2922666666667,58.10768,45.5148666666667,-0.00300450902029872,3.94788423567885,4.13183728753748,4.06229784100848,3.81803901251578
"297","ya07","ya07",1.994,10.1882,11.2168,11.62776,9.28156666666667,0.690142671539647,2.32123018786289,2.41741265442478,2.45339534264874,2.22803035438839
"298","ya07","ya07",2.991,3.65182,4.81033333333333,4.99232,3.81186666666667,1.09560777964781,1.29522567345669,1.57076638178583,1.60790073157675,1.33811900791546
"299","ya07","ya07",3.988,2.1052,2.65766666666667,2.22536,1.6399,1.38328985209959,0.744410474497487,0.977448544852249,0.799918700283168,0.494635264367263
"300","ya07","ya07",4.985,1.4849,1.8048,1.50924,1.3209,1.6064334034138,0.395347429919879,0.590449782321603,0.411606212864927,0.278313322447681
"301","ya08","ya08",0.997,148.53446,102.749733333333,78.6427,56.6881333333333,-0.00300450902029872,5.00081698519447,4.63229625807695,4.36491480892196,4.03756490017605
"302","ya08","ya08",1.994,37.82496,20.3162666666667,12.66688,10.7008,0.690142671539647,3.63296920217221,3.01142187879628,2.53899071302171,2.37031850502814
"303","ya08","ya08",2.991,10.14458,6.6535,4.94664,5.0874,1.09560777964781,2.3169395727165,1.89514303200166,1.59870855822101,1.62676689455588
"304","ya08","ya08",3.988,5.7258,4.0396,3.07508,3.2751,1.38328985209959,1.74498227766913,1.39614567717026,1.12333091718023,1.1863484029722
"305","ya08","ya08",4.985,4.16806,2.93366666666667,2.40014,2.46706666666667,1.6064334034138,1.42745069974093,1.07625306272357,0.87552706898591,0.903029860557314
"306","ya08","ya08",0.997,173.2617,112.827366666667,69.76246,58.7608666666667,-0.00300450902029872,5.15480316825733,4.7258589219315,4.24509604274044,4.07347610045944
"307","ya08","ya08",1.994,23.1092,17.8024,12.673,11.6504666666667,0.690142671539647,3.14023080663821,2.87933327966977,2.53947374609993,2.45534623643405
"308","ya08","ya08",2.991,8.51242,8.30373333333333,5.93618,6.328,1.09560777964781,2.14152627348727,2.11670521287,1.78106582885547,1.84498423046535
"309","ya08","ya08",3.988,5.42872,5.5937,3.75376,3.8935,1.38328985209959,1.69170337871762,1.72164096445359,1.32275800431452,1.3593084960349
"310","ya08","ya08",4.985,3.94208,4.14416666666667,2.84004,2.78186666666667,1.6064334034138,1.37170850279147,1.42170172293865,1.04381813658097,1.02312216520198
"311","ya09","ya09",0.997,741.15454,105.9846,2193.0327,13981.5599,-0.00300450902029872,6.6082091595567,4.6632938005386,7.69304065938743,9.54549459039288
"312","ya09","ya09",1.994,48.37142,14.2384666666667,25.42246,137.373066666667,0.690142671539647,3.87890914344347,2.65594722228353,3.23563303527254,4.92270033922469
"313","ya09","ya09",2.991,7.65228,3.71933333333333,5.40684,18.3702333333333,1.09560777964781,2.03500364264927,1.31354444075523,1.68766481869146,2.91073160101536
"314","ya09","ya09",3.988,3.85492,1.8647,1.92472,10.1388333333333,1.38328985209959,1.34935025453018,0.623100182247911,0.654780502614755,2.31637293565931
"315","ya09","ya09",4.985,4.48308,2.24913333333333,2.87468,7.50236666666667,1.6064334034138,1.50031031020703,0.810544956828275,1.0559413637067,2.01521852632064
"316","ya09","ya09",0.997,398.69416,42.066,36.28144,223.3309,-0.00300450902029872,5.98819460667532,3.73923981345289,3.59130631574922,5.40865452813516
"317","ya09","ya09",1.994,30.21514,4.6503,3.8804,8.51316666666667,0.690142671539647,3.40834312326299,1.53693173364722,1.35593824110499,2.14161398461074
"318","ya09","ya09",2.991,4.08484,1.90353333333333,1.59378,2.0361,1.09560777964781,1.40728255985823,0.643711808288525,0.466108553276851,0.711036213395685
"319","ya09","ya09",3.988,2.49806,1.3794,1.09408,1.26323333333333,1.38328985209959,0.915514430630302,0.321648622015054,0.0899138274687994,0.233674571620426
"320","ya09","ya09",4.985,1.77424,1.4015,1.50718,2.2396,1.6064334034138,0.573372162222769,0.337543091622706,0.410240355112853,0.806297278492601
"321","ya10","ya10",0.997,57.31896,43.2577666666667,46.17234,54.8159666666667,-0.00300450902029872,4.04863145904101,3.76717679336393,3.8323809174958,4.00398151404656
"322","ya10","ya10",1.994,10.49408,10.5446666666667,12.24084,15.9513666666667,0.690142671539647,2.35081128863931,2.35562020287319,2.5047779021804,2.76954450999066
"323","ya10","ya10",2.991,5.05608,6.36143333333333,6.69978,7.906,1.09560777964781,1.62059147950419,1.85025371883704,1.90207469003692,2.06762196487449
"324","ya10","ya10",3.988,2.45048,2.92303333333333,3.10744,4.06763333333333,1.38328985209959,0.896283923734486,1.07262188987296,1.13379923609082,1.4030613397418
"325","ya10","ya10",4.985,2.06192,2.6646,2.45986,2.7105,1.6064334034138,0.723637587557944,0.980053952543975,0.900104437755698,0.997133119718256
"326","ya10","ya10",0.997,72.66966,49.6153,50.73022,70.8975,-0.00300450902029872,4.28592396593314,3.90429925390643,3.9265217882536,4.26123517198551
"327","ya10","ya10",1.994,21.41662,16.1806666666667,17.88872,21.1635666666667,0.690142671539647,3.06416725611652,2.78381711391296,2.88417034660989,3.05228114981179
"328","ya10","ya10",2.991,5.91262,6.27743333333333,6.58008,7.8743,1.09560777964781,1.77708904959518,1.83696119205428,1.88404690331803,2.06360429187196
"329","ya10","ya10",3.988,3.06894,3.5525,3.42774,3.54726666666667,1.38328985209959,1.12133222510436,1.26765158098912,1.23190115188475,1.26617735386959
"330","ya10","ya10",4.985,2.18752,2.52916666666667,2.2258,2.3029,1.6064334034138,0.78276848206498,0.927889867717507,0.800116401557188,0.834169198271833
"331","ya11","ya11",0.997,51.16392,29.2290333333333,31.3746,41.8834666666667,-0.00300450902029872,3.93503459613652,3.37516250753057,3.4459986483667,3.7348911587625
"332","ya11","ya11",1.994,11.17942,5.2412,9.03736,13.4782333333333,0.690142671539647,2.41407458802702,1.65655047974829,2.20136709635521,2.6010760385372
"333","ya11","ya11",2.991,3.55332,2.08793333333333,4.10402,6.14233333333333,1.09560777964781,1.26788237771733,0.736174741030463,1.41196698115094,1.81520469168461
"334","ya11","ya11",3.988,1.68702,1.24453333333333,2.35,3.33703333333333,1.38328985209959,0.522963658858109,0.218760626985359,0.854415328156068,1.20508218873143
"335","ya11","ya11",4.985,1.21682,1.04816666666667,1.7111,2.31723333333333,1.6064334034138,0.196240898382765,0.0470426063333113,0.537136438555788,0.840373945314379
"336","ya11","ya11",0.997,71.2212,39.1563666666667,44.58486,57.9235333333333,-0.00300450902029872,4.26579052690735,3.66756303160773,3.79739433951238,4.05912374990005
"337","ya11","ya11",1.994,15.24244,11.8598,13.0434,17.6945,0.690142671539647,2.72408364242994,2.47315453002098,2.56828225870905,2.87325385682855
"338","ya11","ya11",2.991,6.0221,5.6766,5.3719,6.99653333333333,1.09560777964781,1.79543603570048,1.73635246195632,1.68118166344678,1.94541478828919
"339","ya11","ya11",3.988,3.5843,3.53866666666667,3.00424,3.67726666666667,1.38328985209959,1.27656319696673,1.2637500083618,1.10002462418594,1.30216972257951
"340","ya11","ya11",4.985,2.90336,3.2694,2.63222,3.2301,1.6064334034138,1.06586868699913,1.18460648183497,0.967827596596043,1.17251309650764
"341","ya12","ya12",0.997,59.7473,46.564,40.1107,36.3417,-0.00300450902029872,4.09012400150608,3.84082771038599,3.69164313163666,3.59296584228112
"342","ya12","ya12",1.994,14.4381,14.3584333333333,16.11094,16.0361333333333,0.690142671539647,2.66987054586004,2.66433745831826,2.7794985443383,2.77484450937112
"343","ya12","ya12",2.991,6.86864,9.5283,10.79452,10.3405333333333,1.09560777964781,1.92696612448287,2.25426631770342,2.37903859794807,2.33607144737615
"344","ya12","ya12",3.988,5.8016,9.23233333333333,9.06922,8.32893333333333,1.38328985209959,1.7581337415784,2.22271181541087,2.20488626263409,2.11973539675901
"345","ya12","ya12",4.985,4.95016,8.01916666666667,8.48394,8.0432,1.6064334034138,1.59941989929054,2.08183450958031,2.13817496454164,2.08482701395617
"346","ya12","ya12",0.997,723.08774,312.358733333333,258.87406,221.004333333333,-0.00300450902029872,6.58353057025913,5.74415231363621,5.55634168861307,5.39818230916866
"347","ya12","ya12",1.994,67.02492,32.2878666666667,29.36512,28.1013333333333,0.690142671539647,4.20506449053683,3.47469151466152,3.37980757546366,3.33581702479882
"348","ya12","ya12",2.991,14.877,10.5127333333333,8.7889,8.7482,1.09560777964781,2.69981639617511,2.3525872208514,2.17348956165909,2.16884796492172
"349","ya12","ya12",3.988,8.83672,7.01586666666667,5.52384,5.25843333333333,1.38328985209959,2.17891576707293,1.94817425070838,1.7090732706091,1.65983313701098
"350","ya12","ya12",4.985,6.28114,5.98093333333333,4.48526,4.2132,1.6064334034138,1.83755149266819,1.78857663159223,1.500796464845,1.43822245398025
"351","ya13","ya13",0.997,331.42198,51.2581666666667,271.45378,80.4388666666667,-0.00300450902029872,5.80339242747624,3.93687495491722,5.60379188547093,4.387497475629
"352","ya13","ya13",1.994,27.67222,12.0143666666667,36.33942,10.4941333333333,0.690142671539647,3.32042902187791,2.48610315591119,3.59290310246641,2.35081637085689
"353","ya13","ya13",2.991,5.6023,6.75196666666667,8.56522,4.02543333333333,1.09560777964781,1.72317722770679,1.90983382047262,2.14770981737732,1.39263256553104
"354","ya13","ya13",3.988,3.4378,4.37423333333333,5.11428,2.61716666666667,1.38328985209959,1.23483173191192,1.47573126635835,1.63203662703228,0.962092307674762
"355","ya13","ya13",4.985,2.32902,3.25823333333333,3.4055,1.5349,1.6064334034138,0.845447578241889,1.18118512619527,1.22539177169924,0.428465232337225
"356","ya13","ya13",0.997,204.52828,120.4385,114.51622,100.751,-0.00300450902029872,5.32070625443044,4.79113924920187,4.7407164723502,4.61265212633585
"357","ya13","ya13",1.994,26.5458,17.4088333333333,19.97042,17.0216666666667,0.690142671539647,3.27887154308386,2.85697774023855,2.99425217875388,2.83448704236195
"358","ya13","ya13",2.991,7.75048,7.01413333333333,6.94846,5.3742,1.09560777964781,2.0477547769312,1.94792716113715,1.93852005228981,1.68160972572707
"359","ya13","ya13",3.988,4.63344,4.26666666666667,3.62142,2.5819,1.38328985209959,1.53329957278628,1.45083288225746,1.28686621411517,0.948525562007513
"360","ya13","ya13",4.985,3.06746,2.8694,2.32196,1.71333333333333,1.6064334034138,1.12084985758311,1.05410294868215,0.842411656598467,0.538440790798964
"361","ya14","ya14",0.997,45.03676,35.9931,28.31534,18.4837666666667,-0.00300450902029872,3.80747904518707,3.58332725341904,3.34340370726341,2.91689286939808
"362","ya14","ya14",1.994,7.13192,7.70383333333333,7.70594,5.33453333333333,0.690142671539647,1.96458048288807,2.04171804047849,2.04199146003298,1.67420140826297
"363","ya14","ya14",2.991,2.52446,3.9135,4.16548,2.67116666666667,1.09560777964781,0.926027178469577,1.36443211426276,1.42683151507692,0.982515330783383
"364","ya14","ya14",3.988,1.86392,3.03153333333333,3.11254,1.90576666666667,1.38328985209959,0.622681796887441,1.10906854212591,1.13543911311387,0.644884377311296
"365","ya14","ya14",4.985,1.5668,3.00476666666667,2.97612,1.86003333333333,1.6064334034138,0.449035322809539,1.10019991660854,1.09062043873856,0.620594408711482
"366","ya14","ya14",0.997,467.59408,190.236833333333,132.90408,111.4192,-0.00300450902029872,6.14760056912427,5.24826978716334,4.88962766502224,4.7132996645274
"367","ya14","ya14",1.994,50.01644,22.1275333333333,18.73996,19.0173333333333,0.690142671539647,3.91235175138527,3.09682268528088,2.93065814233628,2.94535084399307
"368","ya14","ya14",2.991,12.81444,6.60406666666667,6.0444,6.15306666666667,1.09560777964781,2.55057266007073,1.88768562089891,1.79913222355747,1.81695060252278
"369","ya14","ya14",3.988,8.52118,5.15563333333333,3.93962,3.85333333333333,1.38328985209959,2.14255482890389,1.64008996798909,1.37108427195805,1.34893857457612
"370","ya14","ya14",4.985,6.46564,4.4776,3.409,3.29743333333333,1.6064334034138,1.86650200191041,1.49908718859501,1.22641899315577,1.19314438806859
"371","ya15","ya15",0.997,38.40984,16.5994333333333,33.99844,47.3853333333333,-0.00300450902029872,3.64831367676726,2.80936855823365,3.52631464121059,3.85831275747235
"372","ya15","ya15",1.994,10.56522,7.68976666666667,11.99562,10.6662666666667,0.690142671539647,2.35756747432495,2.03989044062115,2.48454158315929,2.36708611342847
"373","ya15","ya15",2.991,3.43464,2.74066666666667,4.52626,3.22216666666667,1.09560777964781,1.23391211668859,1.00820119980758,1.50989599142971,1.17005401112231
"374","ya15","ya15",3.988,1.78942,1.63463333333333,2.36318,1.67946666666667,1.38328985209959,0.581891544999712,0.491418518240762,0.860008169658286,0.518476282696513
"375","ya15","ya15",4.985,0.97142,1.06053333333333,1.46148,0.772766666666667,1.6064334034138,-0.0289963604415917,0.0587719262432341,0.379449620904882,-0.257778130209399
"376","ya15","ya15",0.997,34.28798,17.9802,93.38306,80.5655333333333,-0.00300450902029872,3.5347948554366,2.88927115245213,4.53670995833551,4.38907093191715
"377","ya15","ya15",1.994,8.3481,7.38426666666667,18.87178,21.0088333333333,0.690142671539647,2.12203396806031,1.99935161066907,2.93766768455544,3.04494298420199
"378","ya15","ya15",2.991,3.23186,3.84676666666667,6.35262,5.44886666666667,1.09560777964781,1.17305782288896,1.34723296860774,1.84886732623447,1.69540763597999
"379","ya15","ya15",3.988,1.66186,1.92273333333333,3.40924,2.3015,1.38328985209959,0.507937457024808,0.653747784777207,1.22648939255505,0.833561084275159
"380","ya15","ya15",4.985,0.94764,1.17013333333333,2.07166,1.37283333333333,1.6064334034138,-0.0537805956846471,0.157117702430664,0.72835021826847,0.316876730731057
"381","ya16","ya16",0.997,27.78428,23.3055666666667,25.38886,18.4685,-0.00300450902029872,3.32447039313358,3.14869224476903,3.23431049514181,2.91606657813574
"382","ya16","ya16",1.994,8.37728,9.41573333333333,9.81738,10.122,0.690142671539647,2.12552327946684,2.24238204896787,2.28415428432428,2.31471127279189
"383","ya16","ya16",2.991,3.76642,5.04876666666667,5.09128,5.27836666666667,1.09560777964781,1.32612494818017,1.61914398903719,1.62752927242568,1.66361670642728
"384","ya16","ya16",3.988,2.02986,2.71496666666667,2.78214,2.82546666666667,1.38328985209959,0.707966825158224,0.998779675839689,1.02322041574333,1.03867354269616
"385","ya16","ya16",4.985,1.70696,2.248,2.0101,1.9778,1.6064334034138,0.534714010614491,0.810040932031445,0.698184472077213,0.681985115853753
"386","ya16","ya16",0.997,361.69962,119.275266666667,119.34244,118.674133333333,-0.00300450902029872,5.89081408836309,4.78143398712943,4.78199700767007,4.77638136155277
"387","ya16","ya16",1.994,58.79392,21.4424666666667,21.14744,20.2384666666667,0.690142671539647,4.07403844819775,3.06537337933613,3.05151885797721,3.00758508397376
"388","ya16","ya16",2.991,16.08174,7.55663333333333,7.13498,7.0395,1.09560777964781,2.77768446685188,2.02242576472559,1.96500944784148,1.95153714492045
"389","ya16","ya16",3.988,8.99428,5.17973333333333,4.8924,4.788,1.38328985209959,2.19658881972962,1.64475357489477,1.58768298063107,1.56611278769573
"390","ya16","ya16",4.985,5.3573,3.5891,3.00234,2.7892,1.6064334034138,1.67846011682417,1.27790147469177,1.0993919846262,1.02575481636472
"391","ya17","ya17",0.997,143.4022,47.9949,44.92966,44.5412,-0.00300450902029872,4.96565326974937,3.87109475526296,3.80509815572648,3.79641460354083
"392","ya17","ya17",1.994,24.83144,12.5571,10.32028,7.6188,0.690142671539647,3.21211059220013,2.53028624266071,2.3341108914683,2.03061887698227
"393","ya17","ya17",2.991,7.17798,7.2915,6.57552,4.875,1.09560777964781,1.97101800643009,1.98670928617148,1.88335366238905,1.58412010444981
"394","ya17","ya17",3.988,4.03302,4.3653,3.80584,2.6979,1.38328985209959,1.39451547496646,1.47368691545221,1.33653672910433,0.992473692606442
"395","ya17","ya17",4.985,2.51458,2.62333333333333,2.21426,1.4681,1.6064334034138,0.922105791594053,0.964445773761202,0.794918261899232,0.383969047763278
"396","ya17","ya17",0.997,152.86302,77.824,56.18474,55.1067333333333,-0.00300450902029872,5.02954222625964,4.35444986690365,4.02864518977952,4.00927191074967
"397","ya17","ya17",1.994,26.6591,17.4537,13.9051,10.8024333333333,0.690142671539647,3.28313055574112,2.85955166055628,2.63225567931775,2.37977141739397
"398","ya17","ya17",2.991,8.62152,7.45013333333333,6.1813,4.76586666666667,1.09560777964781,2.1542614032373,2.00823192932304,1.82152860533494,1.56147940234453
"399","ya17","ya17",3.988,4.26294,4.44543333333333,3.53368,2.75396666666667,1.38328985209959,1.44995906308867,1.49187735202826,1.26233982084467,1.01304229662634
"400","ya17","ya17",4.985,2.82828,2.5786,1.87266,1.38943333333333,1.6064334034138,1.03966875303416,0.9472466159946,0.627359880021845,0.328895990160109
"401","ya18","ya18",0.997,92.79874,39.7557,32.95366,32.5822333333333,-0.00300450902029872,4.53043306211377,3.6827532270465,3.49510233216986,3.4837671500367
"402","ya18","ya18",1.994,13.35188,7.43813333333333,7.92512,6.26616666666667,0.690142671539647,2.59165719890153,2.00661992130797,2.07003746160454,1.83516479075058
"403","ya18","ya18",2.991,4.17164,3.4113,3.17144,2.63353333333333,1.09560777964781,1.42830924386599,1.22709345031665,1.15418574342003,0.968326417287948
"404","ya18","ya18",3.988,2.95616,2.53173333333333,1.90402,1.59563333333333,1.38328985209959,1.08389112882005,0.928904180146807,0.643967440515686,0.467270731613892
"405","ya18","ya18",4.985,2.2215,1.79036666666667,1.33128,1.18903333333333,1.6064334034138,0.798182643393826,0.582420440588686,0.286140885432952,0.173140652078784
"406","ya18","ya18",0.997,57.83464,33.0035333333333,30.97308,37.6761333333333,-0.00300450902029872,4.05758790412351,3.49661462644189,3.43311844012187,3.62902682590041
"407","ya18","ya18",1.994,9.92398,8.46523333333333,7.30216,7.17476666666667,0.690142671539647,2.29495405051112,2.1359675796864,1.98817019479837,1.97057024079168
"408","ya18","ya18",2.991,4.97354,4.49056666666667,3.30528,3.1164,1.09560777964781,1.60413186020391,1.50197890017537,1.19552118983613,1.13667848947457
"409","ya18","ya18",3.988,3.08138,2.52276666666667,1.74256,1.82086666666667,1.38328985209959,1.12537754858823,0.925356182887766,0.555355296345239,0.59931257822219
"410","ya18","ya18",4.985,2.17512,1.91673333333333,1.19648,1.19466666666667,1.6064334034138,0.777083835432499,0.650622348144944,0.179383912806612,0.177867206444574
"411","ya19","ya19",0.997,49.25136,20.9622666666667,17.55172,33.2698333333333,-0.00300450902029872,3.89693698145003,3.0427239960995,2.86515195080764,3.50465108049975
"412","ya19","ya19",1.994,9.10222,4.07416666666667,4.01666,6.071,0.690142671539647,2.20851833981432,1.40466622680255,1.39045071151614,1.8035233361483
"413","ya19","ya19",2.991,2.45168,1.60456666666667,1.76592,2.52933333333333,1.09560777964781,0.896773503847729,0.472853730512437,0.568671801042437,0.927955763404658
"414","ya19","ya19",3.988,1.54536,1.22703333333333,1.27008,1.76736666666667,1.38328985209959,0.435256892915901,0.204599331890605,0.239079890612563,0.569490679828104
"415","ya19","ya19",4.985,1.15414,1.00153333333333,1.01474,1.54676666666667,1.6064334034138,0.143355477885289,0.00153215897807661,0.0146324220443117,0.436166730652412
"416","ya19","ya19",0.997,599.76932,182.9568,175.03776,202.481333333333,-0.00300450902029872,6.39654511462322,5.20925005939979,5.16500172207678,5.3106477012277
"417","ya19","ya19",1.994,117.9857,34.3591333333333,30.4385,30.7451,0.690142671539647,4.77056343068132,3.53686787367028,3.41570825451257,3.42573063196154
"418","ya19","ya19",2.991,27.2765,9.59283333333333,8.65028,8.717,1.09560777964781,3.30602552562399,2.26101629190539,2.15759169036209,2.16527514202944
"419","ya19","ya19",3.988,13.0404,5.1301,4.40582,4.37156666666667,1.38328985209959,2.56805223087467,1.63512515217008,1.48292639416388,1.475121449818
"420","ya19","ya19",4.985,6.48604,3.79796666666667,3.1939,3.16253333333333,1.6064334034138,1.86965217499531,1.33446583580252,1.16124274059887,1.15137339418254
"421","ya21","ya21",0.997,151.6422,45.8281666666667,61.97184,66.8944,-0.00300450902029872,5.02152379858826,3.82489889481159,4.12668008831957,4.20311525660514
"422","ya21","ya21",1.994,21.53398,7.69086666666667,9.3471,8.49016666666667,0.690142671539647,3.06963215262928,2.04003347764414,2.23506613476309,2.13890863106893
"423","ya21","ya21",2.991,9.44624,4.20333333333333,3.69818,2.8944,1.09560777964781,2.24561677873109,1.43587786130872,1.30784080673978,1.06277783565889
"424","ya21","ya21",3.988,4.64846,2.58273333333333,2.24582,1.68586666666667,1.38328985209959,1.53653598195043,0.948848269656548,0.80907071062916,0.522279773811106
"425","ya21","ya21",4.985,2.48406,1.8304,1.6727,1.2464,1.6064334034138,0.909894318368887,0.604534522203342,0.514439087335826,0.220259396134347
"426","ya21","ya21",0.997,1107.38996,42.5014666666667,70.60058,118.925066666667,-0.00300450902029872,7.00976113806639,3.74953858513884,4.2570383597629,4.77849360289558
"427","ya21","ya21",1.994,39.1829,8.1307,11.32754,14.965,0.690142671539647,3.66824042713304,2.09564702071426,2.42723692878223,2.70571414130466
"428","ya21","ya21",2.991,6.19566,3.39993333333333,3.3931,3.43376666666667,1.09560777964781,1.82384904693665,1.22375582358674,1.22174395781105,1.23365781219545
"429","ya21","ya21",3.988,3.45406,2.80263333333333,2.2623,1.89216666666667,1.38328985209959,1.23955035073748,1.03055945140099,0.816381994894574,0.637722556954342
"430","ya21","ya21",4.985,2.35578,1.7376,1.49254,1.1497,1.6064334034138,0.856871882821477,0.552504850757479,0.400479366595505,0.139501038777557
"431","ya22","ya22",0.997,1223.40816,91.3967666666667,301.89836,333.689433333333,-0.00300450902029872,7.10939581672246,4.51521010219615,5.7100904044357,5.81021072008766
"432","ya22","ya22",1.994,72.9724,7.82186666666667,25.1955,26.1589666666667,0.690142671539647,4.29008128746552,2.05692323024923,3.22666540714303,3.26419202529915
"433","ya22","ya22",2.991,8.1821,2.8652,7.82704,8.67733333333333,1.09560777964781,2.10194884138314,1.05263815575816,2.05758440532453,2.16071426180857
"434","ya22","ya22",3.988,5.3402,2.5778,4.61938,4.9943,1.38328985209959,1.67526310545427,0.946936321988542,1.53026049695394,1.60829726213983
"435","ya22","ya22",4.985,3.8937,1.72353333333333,3.88706,4.81373333333333,1.6064334034138,1.35935986237969,0.544376447277073,1.3576530878199,1.57147294383682
"436","ya22","ya22",0.997,340.12426,102.2394,113.43988,86.8708666666667,-0.00300450902029872,5.82931102143033,4.6273171220674,4.73127300495533,4.46442272481544
"437","ya22","ya22",1.994,26.6233,12.5724,12.3539,12.0646,0.690142671539647,3.28178677222585,2.53150393516478,2.51397180269667,2.49027554477688
"438","ya22","ya22",2.991,6.07766,4.346,4.29104,4.4443,1.09560777964781,1.80461975347616,1.46925588183424,1.45652912780234,1.49162237624958
"439","ya22","ya22",3.988,3.39276,2.7381,2.31686,2.25533333333333,1.38328985209959,1.2216437494365,1.0072642492088,0.840212820663974,0.813297781690407
"440","ya22","ya22",4.985,2.61652,2.19613333333333,1.69032,1.66233333333333,1.6064334034138,0.96184519059988,0.786698238258274,0.524917860123128,0.508222237895876
